Spp_jetz;animal;Imports
Abeillia_abeillei;Abeillia_abeillei;9
Accipiter_badius;Accipiter_badius;299
Accipiter_bicolor;Accipiter_bicolor;40
Accipiter_brachyurus;Accipiter_brachyurus;1
Accipiter_brevipes;Accipiter_brevipes;25
Accipiter_butleri;Accipiter_butleri;600
Accipiter_castanilius;Accipiter_castanilius;70
Accipiter_cooperii;Accipiter_cooperii;117
Accipiter_erythropus;Accipiter_erythropus;24
Accipiter_francesiae;Accipiter_francesiae;8
Accipiter_gentilis;Accipiter_gentilis;5647
Accipiter_gularis;Accipiter_gularis;4
Accipiter_madagascariensis;Accipiter_madagascariensis;1
Accipiter_melanoleucus;Accipiter_melanoleucus;342
Accipiter_minullus;Accipiter_minullus;212
Accipiter_nanus;Accipiter_nanus;2
Accipiter_nisus;Accipiter_nisus;849
Accipiter_novaehollandiae;Accipiter_novaehollandiae;66
Accipiter_ovampensis;Accipiter_ovampensis;8
Accipiter_poliocephalus;Accipiter_poliocephalus;2
Accipiter_poliogaster;Accipiter_poliogaster;16
Accipiter_princeps;Accipiter_princeps;5
Accipiter_rufiventris;Accipiter_rufiventris;2
Accipiter_striatus;Accipiter_striatus;8
Accipiter_superciliosus;Accipiter_superciliosus;3
Accipiter_tachiro;Accipiter_tachiro;63
Accipiter_toussenelii;Accipiter_toussenelii;20
Accipiter_trivirgatus;Accipiter_trivirgatus;18
Accipiter_virgatus;Accipiter_virgatus;4
Aceros_cassidix;Aceros_cassidix;12
Aceros_comatus;Aceros_comatus;14
Aceros_corrugatus;Aceros_corrugatus;147
Aceros_leucocephalus;Aceros_leucocephalus;14
Aceros_plicatus;Aceros_plicatus;1240
Aceros_undulatus;Aceros_undulatus;50
Aceros_waldeni;Aceros_waldeni;2
Adelomyia_melanogenys;Adelomyia_melanogenys;4
Aegolius_acadicus;Aegolius_acadicus;21
Aegolius_funereus;Aegolius_funereus;258
Aegypius_monachus;Aegypius_monachus;217
Agapornis_canus;Agapornis_canus;135522
Agapornis_fischeri;Agapornis_fischeri;1797672
Agapornis_lilianae;Agapornis_lilianae;25179
Agapornis_nigrigenis;Agapornis_nigrigenis;33670
Agapornis_personatus;Agapornis_personatus;1055763
Agapornis_pullarius;Agapornis_pullarius;40681
Agapornis_roseicollis;Agapornis_roseicollis;1274134
Agapornis_swindernianus;Agapornis_swindernianus;903
Agapornis_taranta;Agapornis_taranta;1735
Agelastes_meleagrides;Agelastes_meleagrides;30
Aglaeactis_cupripennis;Aglaeactis_cupripennis;909
Aglaiocercus_coelestis;Aglaiocercus_coelestis;2
Aglaiocercus_kingi;Aglaiocercus_kingi;189
Alipiopsitta_xanthops;Alipiopsitta_xanthops;744
Alisterus_amboinensis;Alisterus_amboinensis;21439
Alisterus_chloropterus;Alisterus_chloropterus;10625
Alisterus_scapularis;Alisterus_scapularis;6836
Alopochen_aegyptiaca;Alopochen_aegyptiaca;405
Amadina_fasciata;Amadina_fasciata;1598935
Amandava_amandava;Amandava_amandava;2800
Amandava_formosa;Amandava_formosa;100
Amandava_subflava;Amandava_subflava;768396
Amazilia_amabilis;Amazilia_amabilis;3
Amazilia_amazilia;Amazilia_amazilia;5731
Amazilia_beryllina;Amazilia_beryllina;10
Amazilia_brevirostris;Amazilia_brevirostris;2
Amazilia_candida;Amazilia_candida;1
Amazilia_chionogaster;Amazilia_chionogaster;20
Amazilia_fimbriata;Amazilia_fimbriata;25
Amazilia_franciae;Amazilia_franciae;587
Amazilia_rosenbergi;Amazilia_rosenbergi;5
Amazilia_rutila;Amazilia_rutila;7
Amazilia_tobaci;Amazilia_tobaci;20
Amazilia_tzacatl;Amazilia_tzacatl;10
Amazilia_yucatanensis;Amazilia_yucatanensis;5
Amazona_aestiva;Amazona_aestiva;595898
Amazona_agilis;Amazona_agilis;27
Amazona_albifrons;Amazona_albifrons;52706
Amazona_amazonica;Amazona_amazonica;422479
Amazona_arausiaca;Amazona_arausiaca;11
Amazona_auropalliata;Amazona_auropalliata;17705
Amazona_autumnalis;Amazona_autumnalis;88703
Amazona_barbadensis;Amazona_barbadensis;559
Amazona_brasiliensis;Amazona_brasiliensis;146
Amazona_collaria;Amazona_collaria;233
Amazona_dufresniana;Amazona_dufresniana;5661
Amazona_farinosa;Amazona_farinosa;78880
Amazona_festiva;Amazona_festiva;5582
Amazona_finschi;Amazona_finschi;4459
Amazona_guildingii;Amazona_guildingii;84
Amazona_imperialis;Amazona_imperialis;2
Amazona_leucocephala;Amazona_leucocephala;1186
Amazona_mercenaria;Amazona_mercenaria;84
Amazona_ochrocephala;Amazona_ochrocephala;148121
Amazona_oratrix;Amazona_oratrix;3683
Amazona_pretrei;Amazona_pretrei;313
Amazona_rhodocorytha;Amazona_rhodocorytha;276
Amazona_tucumana;Amazona_tucumana;27396
Amazona_ventralis;Amazona_ventralis;709
Amazona_versicolor;Amazona_versicolor;35
Amazona_vinacea;Amazona_vinacea;549
Amazona_viridigenalis;Amazona_viridigenalis;3431
Amazona_vittata;Amazona_vittata;1
Amazona_xantholora;Amazona_xantholora;502
Amblyospiza_albifrons;Amblyospiza_albifrons;293
Anaplectes_rubriceps;Anaplectes_rubriceps;701
Anas_acuta;Anas_acuta;15748
Anas_aucklandica;Anas_aucklandica;12
Anas_bernieri;Anas_bernieri;258
Anas_capensis;Anas_capensis;477
Anas_chlorotis;Anas_chlorotis;10
Anas_clypeata;Anas_clypeata;10444
Anas_crecca;Anas_crecca;21477
Anas_formosa;Anas_formosa;1735
Anas_laysanensis;Anas_laysanensis;400
Anas_melleri;Anas_melleri;13
Anas_penelope;Anas_penelope;2023
Anas_querquedula;Anas_querquedula;928
Anodorhynchus_hyacinthinus;Anodorhynchus_hyacinthinus;3009
Anodorhynchus_leari;Anodorhynchus_leari;13
Anomalospiza_imberbis;Anomalospiza_imberbis;10
Anorrhinus_galeritus;Anorrhinus_galeritus;1
Anorrhinus_tickelli;Anorrhinus_tickelli;2
Anthracoceros_albirostris;Anthracoceros_albirostris;409
Anthracoceros_coronatus;Anthracoceros_coronatus;1215
Anthracoceros_malayanus;Anthracoceros_malayanus;39
Anthracoceros_marchei;Anthracoceros_marchei;11
Anthracothorax_dominicus;Anthracothorax_dominicus;4
Anthracothorax_mango;Anthracothorax_mango;2
Anthracothorax_nigricollis;Anthracothorax_nigricollis;10
Anthracothorax_prevostii;Anthracothorax_prevostii;13
Anthracothorax_veraguensis;Anthracothorax_veraguensis;27
Aprosmictus_erythropterus;Aprosmictus_erythropterus;17175
Aprosmictus_jonquillaceus;Aprosmictus_jonquillaceus;3354
Aquila_adalberti;Aquila_adalberti;1
Aquila_africanus;Aquila_africanus;15
Aquila_audax;Aquila_audax;19
Aquila_chrysaetos;Aquila_chrysaetos;1266
Aquila_clanga;Aquila_clanga;25
Aquila_fasciatus;Aquila_fasciatus;154
Aquila_heliaca;Aquila_heliaca;69
Aquila_nipalensis;Aquila_nipalensis;256
Aquila_pomarina;Aquila_pomarina;14
Aquila_rapax;Aquila_rapax;1171
Aquila_verreauxii;Aquila_verreauxii;177
Aquila_wahlbergi;Aquila_wahlbergi;102
Ara_ambiguus;Ara_ambiguus;837
Ara_ararauna;Ara_ararauna;119510
Ara_chloropterus;Ara_chloropterus;70972
Ara_glaucogularis;Ara_glaucogularis;1149
Ara_macao;Ara_macao;10458
Ara_militaris;Ara_militaris;2480
Ara_rubrogenys;Ara_rubrogenys;1437
Ara_severus;Ara_severus;14993
Aratinga_acuticaudata;Aratinga_acuticaudata;253447
Aratinga_aurea;Aratinga_aurea;81911
Aratinga_auricapillus;Aratinga_auricapillus;2605
Aratinga_cactorum;Aratinga_cactorum;83
Aratinga_canicularis;Aratinga_canicularis;22908
Aratinga_chloroptera;Aratinga_chloroptera;112
Aratinga_erythrogenys;Aratinga_erythrogenys;90873
Aratinga_euops;Aratinga_euops;34
Aratinga_finschi;Aratinga_finschi;3373
Aratinga_holochlora;Aratinga_holochlora;6992
Aratinga_jandaya;Aratinga_jandaya;39590
Aratinga_leucophthalma;Aratinga_leucophthalma;75613
Aratinga_mitrata;Aratinga_mitrata;234569
Aratinga_nana;Aratinga_nana;3611
Aratinga_pertinax;Aratinga_pertinax;39134
Aratinga_solstitialis;Aratinga_solstitialis;117830
Aratinga_wagleri;Aratinga_wagleri;92043
Aratinga_weddellii;Aratinga_weddellii;21791
Archilochus_colubris;Archilochus_colubris;3
Ardea_goliath;Ardea_goliath;104
Ardeotis_arabs;Ardeotis_arabs;88
Ardeotis_kori;Ardeotis_kori;423
Argusianus_argus;Argusianus_argus;608
Asio_abyssinicus;Asio_abyssinicus;20
Asio_capensis;Asio_capensis;149
Asio_flammeus;Asio_flammeus;289
Asio_otus;Asio_otus;637
Astrapia_mayeri;Astrapia_mayeri;10
Astrapia_splendidissima;Astrapia_splendidissima;2
Astrapia_stephaniae;Astrapia_stephaniae;1
Athene_brama;Athene_brama;28
Athene_cunicularia;Athene_cunicularia;2589
Athene_noctua;Athene_noctua;2464
Atthis_ellioti;Atthis_ellioti;48
Aviceda_cuculoides;Aviceda_cuculoides;12
Aythya_nyroca;Aythya_nyroca;344
Balaeniceps_rex;Balaeniceps_rex;196
Balearica_pavonina;Balearica_pavonina;8791
Balearica_regulorum;Balearica_regulorum;8082
Barnardius_zonarius;Barnardius_zonarius;22515
Bolbopsittacus_lunulatus;Bolbopsittacus_lunulatus;204
Bolborhynchus_ferrugineifrons;Bolborhynchus_ferrugineifrons;66
Bolborhynchus_lineola;Bolborhynchus_lineola;38959
Bolborhynchus_orbygnesius;Bolborhynchus_orbygnesius;5717
Bombycilla_japonica;Bombycilla_japonica;11547
Bostrychia_hagedash;Bostrychia_hagedash;574
Bostrychia_rara;Bostrychia_rara;9
Branta_canadensis;Branta_canadensis;183
Branta_ruficollis;Branta_ruficollis;4058
Branta_sandvicensis;Branta_sandvicensis;1276
Brotogeris_chiriri;Brotogeris_chiriri;87731
Brotogeris_chrysoptera;Brotogeris_chrysoptera;10240
Brotogeris_cyanoptera;Brotogeris_cyanoptera;4067
Brotogeris_jugularis;Brotogeris_jugularis;10097
Brotogeris_pyrrhoptera;Brotogeris_pyrrhoptera;132038
Brotogeris_sanctithomae;Brotogeris_sanctithomae;5818
Brotogeris_tirica;Brotogeris_tirica;758
Brotogeris_versicolurus;Brotogeris_versicolurus;10455
Bubalornis_albirostris;Bubalornis_albirostris;121
Bubo_africanus;Bubo_africanus;551
Bubo_ascalaphus;Bubo_ascalaphus;37
Bubo_bengalensis;Bubo_bengalensis;21
Bubo_bubo;Bubo_bubo;1833
Bubo_capensis;Bubo_capensis;61
Bubo_cinerascens;Bubo_cinerascens;12
Bubo_coromandus;Bubo_coromandus;1
Bubo_lacteus;Bubo_lacteus;249
Bubo_nipalensis;Bubo_nipalensis;9
Bubo_poensis;Bubo_poensis;85
Bubo_scandiaca;Bubo_scandiaca;1580
Bubo_sumatranus;Bubo_sumatranus;4
Bubo_virginianus;Bubo_virginianus;606
Bubulcus_ibis;Bubulcus_ibis;553
Buceros_bicornis;Buceros_bicornis;227
Buceros_hydrocorax;Buceros_hydrocorax;152
Buceros_rhinoceros;Buceros_rhinoceros;230
Burhinus_bistriatus;Burhinus_bistriatus;3
Butastur_rufipennis;Butastur_rufipennis;38
Butastur_teesa;Butastur_teesa;4
Buteo_albicaudatus;Buteo_albicaudatus;3
Buteo_albonotatus;Buteo_albonotatus;115
Buteo_augur;Buteo_augur;8
Buteo_auguralis;Buteo_auguralis;58
Buteo_brachypterus;Buteo_brachypterus;1
Buteo_buteo;Buteo_buteo;372
Buteo_hemilasius;Buteo_hemilasius;4
Buteo_jamaicensis;Buteo_jamaicensis;501
Buteo_lagopus;Buteo_lagopus;34
Buteo_lineatus;Buteo_lineatus;1
Buteo_magnirostris;Buteo_magnirostris;39
Buteo_nitidus;Buteo_nitidus;8
Buteo_oreophilus;Buteo_oreophilus;5
Buteo_platypterus;Buteo_platypterus;73
Buteo_polyosoma;Buteo_polyosoma;364
Buteo_regalis;Buteo_regalis;180
Buteo_rufinus;Buteo_rufinus;103
Buteo_rufofuscus;Buteo_rufofuscus;118
Buteo_swainsoni;Buteo_swainsoni;36
Buteogallus_aequinoctialis;Buteogallus_aequinoctialis;1
Buteogallus_meridionalis;Buteogallus_meridionalis;1
Buteogallus_urubitinga;Buteogallus_urubitinga;6
Cacatua_alba;Cacatua_alba;183600
Cacatua_ducorpsii;Cacatua_ducorpsii;26974
Cacatua_galerita;Cacatua_galerita;42281
Cacatua_goffiniana;Cacatua_goffiniana;155583
Cacatua_haematuropygia;Cacatua_haematuropygia;2151
Cacatua_leadbeateri;Cacatua_leadbeateri;3520
Cacatua_moluccensis;Cacatua_moluccensis;125583
Cacatua_ophthalmica;Cacatua_ophthalmica;1429
Cacatua_pastinator;Cacatua_pastinator;212
Cacatua_roseicapilla;Cacatua_roseicapilla;30453
Cacatua_sanguinea;Cacatua_sanguinea;6671
Cacatua_sulphurea;Cacatua_sulphurea;131944
Cacatua_tenuirostris;Cacatua_tenuirostris;666
Cairina_moschata;Cairina_moschata;624
Cairina_scutulata;Cairina_scutulata;207
Callocephalon_fimbriatum;Callocephalon_fimbriatum;277
Caloenas_nicobarica;Caloenas_nicobarica;1545
Calypte_anna;Calypte_anna;36
Calyptorhynchus_banksii;Calyptorhynchus_banksii;482
Calyptorhynchus_baudinii;Calyptorhynchus_baudinii;122
Calyptorhynchus_funereus;Calyptorhynchus_funereus;203
Calyptorhynchus_latirostris;Calyptorhynchus_latirostris;47
Campylopterus_curvipennis;Campylopterus_curvipennis;10
Campylopterus_hemileucurus;Campylopterus_hemileucurus;16
Campylopterus_rufus;Campylopterus_rufus;8
Caracara_cheriway;Caracara_cheriway;1
Caracara_plancus;Caracara_plancus;443
Carduelis_ambigua;Carduelis_ambigua;60
Carduelis_atrata;Carduelis_atrata;657
Carduelis_cucullata;Carduelis_cucullata;6766
Carduelis_yarrellii;Carduelis_yarrellii;23
Carpodacus_roborowskii;Carpodacus_roborowskii;50
Casmerodius_albus;Casmerodius_albus;40
Casuarius_casuarius;Casuarius_casuarius;12
Catreus_wallichi;Catreus_wallichi;1172
Cephalopterus_ornatus;Cephalopterus_ornatus;15
Cephalopterus_penduliger;Cephalopterus_penduliger;10
Chalcopsitta_atra;Chalcopsitta_atra;9754
Chalcopsitta_cardinalis;Chalcopsitta_cardinalis;11686
Chalcopsitta_duivenbodei;Chalcopsitta_duivenbodei;9798
Chalcopsitta_sintillata;Chalcopsitta_sintillata;7446
Chalcostigma_olivaceum;Chalcostigma_olivaceum;192
Chalybura_urochrysia;Chalybura_urochrysia;320
Charmosyna_josefinae;Charmosyna_josefinae;2805
Charmosyna_margarethae;Charmosyna_margarethae;270
Charmosyna_meeki;Charmosyna_meeki;20
Charmosyna_multistriata;Charmosyna_multistriata;1376
Charmosyna_palmarum;Charmosyna_palmarum;41
Charmosyna_papou;Charmosyna_papou;13696
Charmosyna_placentis;Charmosyna_placentis;11409
Charmosyna_pulchella;Charmosyna_pulchella;7644
Charmosyna_rubronotata;Charmosyna_rubronotata;1470
Charmosyna_wilhelminae;Charmosyna_wilhelminae;350
Chelictinia_riocourii;Chelictinia_riocourii;10
Chlamydotis_undulata;Chlamydotis_undulata;27971
Chlorestes_notata;Chlorestes_notata;27
Chlorostilbon_lucidus;Chlorostilbon_lucidus;4
Chlorostilbon_poortmani;Chlorostilbon_poortmani;20
Chlorostilbon_swainsonii;Chlorostilbon_swainsonii;10
Chrysolampis_mosquitus;Chrysolampis_mosquitus;22
Chrysolophus_amherstiae;Chrysolophus_amherstiae;43
Chrysolophus_pictus;Chrysolophus_pictus;22
Chrysuronia_oenone;Chrysuronia_oenone;31
Cicinnurus_magnificus;Cicinnurus_magnificus;44
Cicinnurus_regius;Cicinnurus_regius;88
Cicinnurus_respublica;Cicinnurus_respublica;2
Ciconia_boyciana;Ciconia_boyciana;205
Ciconia_nigra;Ciconia_nigra;216
Circaetus_cinerascens;Circaetus_cinerascens;1
Circaetus_cinereus;Circaetus_cinereus;17
Circaetus_fasciolatus;Circaetus_fasciolatus;2
Circaetus_gallicus;Circaetus_gallicus;26
Circaetus_pectoralis;Circaetus_pectoralis;4
Circus_aeruginosus;Circus_aeruginosus;23
Circus_cyaneus;Circus_cyaneus;14
Circus_macrourus;Circus_macrourus;5
Circus_melanoleucos;Circus_melanoleucos;2
Circus_pygargus;Circus_pygargus;8
Circus_spilonotus;Circus_spilonotus;1
Cissa_thalassina;Cissa_thalassina;27
Cnemophilus_loriae;Cnemophilus_loriae;9
Cnemophilus_macgregorii;Cnemophilus_macgregorii;14
Cochoa_azurea;Cochoa_azurea;108
Coeligena_coeligena;Coeligena_coeligena;123
Coeligena_iris;Coeligena_iris;596
Coeligena_torquata;Coeligena_torquata;124
Coeligena_violifer;Coeligena_violifer;61
Colibri_coruscans;Colibri_coruscans;3938
Colibri_delphinae;Colibri_delphinae;22
Colibri_thalassinus;Colibri_thalassinus;45
Colinus_virginianus;Colinus_virginianus;1364
Columba_guinea;Columba_guinea;12567
Columba_iriditorques;Columba_iriditorques;35
Columba_livia;Columba_livia;89328
Columba_unicincta;Columba_unicincta;635
Copsychus_malabaricus;Copsychus_malabaricus;5729
Coracopsis_nigra;Coracopsis_nigra;6357
Coracopsis_vasa;Coracopsis_vasa;5056
Corythaeola_cristata;Corythaeola_cristata;2064
Coscoroba_coscoroba;Coscoroba_coscoroba;664
Cosmopsarus_regius;Cosmopsarus_regius;589
Crax_alberti;Crax_alberti;27
Crax_alector;Crax_alector;36
Crax_blumenbachii;Crax_blumenbachii;16
Crax_daubentoni;Crax_daubentoni;38
Crax_globulosa;Crax_globulosa;30
Crax_rubra;Crax_rubra;182
Crinifer_piscator;Crinifer_piscator;2220
Crossoptilon_crossoptilon;Crossoptilon_crossoptilon;1146
Crossoptilon_mantchuricum;Crossoptilon_mantchuricum;870
Cryptospiza_reichenovii;Cryptospiza_reichenovii;514
Cyanoliseus_patagonus;Cyanoliseus_patagonus;160786
Cyanopsitta_spixii;Cyanopsitta_spixii;94
Cyanoptila_cyanomelana;Cyanoptila_cyanomelana;2302
Cyanoramphus_auriceps;Cyanoramphus_auriceps;25179
Cyanoramphus_forbesi;Cyanoramphus_forbesi;9
Cyanoramphus_malherbi;Cyanoramphus_malherbi;557
Cyanoramphus_novaezelandiae;Cyanoramphus_novaezelandiae;31827
Cyanoramphus_unicolor;Cyanoramphus_unicolor;1
Cyclopsitta_diophthalma;Cyclopsitta_diophthalma;6278
Cyclopsitta_gulielmitertii;Cyclopsitta_gulielmitertii;1463
Cygnus_columbianus;Cygnus_columbianus;41
Cygnus_melancoryphus;Cygnus_melancoryphus;4616
Cyrtonyx_montezumae;Cyrtonyx_montezumae;6
Damophila_julie;Damophila_julie;240
Dendrocygna_arborea;Dendrocygna_arborea;325
Dendrocygna_autumnalis;Dendrocygna_autumnalis;377
Dendrocygna_bicolor;Dendrocygna_bicolor;459
Dendrocygna_viduata;Dendrocygna_viduata;1006
Deroptyus_accipitrinus;Deroptyus_accipitrinus;15226
Diopsittaca_nobilis;Diopsittaca_nobilis;37957
Doryfera_ludovicae;Doryfera_ludovicae;3
Dryotriorchis_spectabilis;Dryotriorchis_spectabilis;1
Eclectus_roratus;Eclectus_roratus;52543
Egretta_garzetta;Egretta_garzetta;112
Elanoides_forficatus;Elanoides_forficatus;1
Elanus_axillaris;Elanus_axillaris;50
Elanus_caeruleus;Elanus_caeruleus;390
Enicognathus_ferrugineus;Enicognathus_ferrugineus;3078
Enicognathus_leptorhynchus;Enicognathus_leptorhynchus;4309
Ensifera_ensifera;Ensifera_ensifera;54
Eos_bornea;Eos_bornea;130585
Eos_cyanogenia;Eos_cyanogenia;3853
Eos_histrio;Eos_histrio;1006
Eos_reticulata;Eos_reticulata;36293
Eos_semilarvata;Eos_semilarvata;333
Eos_squamata;Eos_squamata;18912
Ephippiorhynchus_senegalensis;Ephippiorhynchus_senegalensis;953
Epimachus_albertisi;Epimachus_albertisi;1
Epimachus_meyeri;Epimachus_meyeri;10
Erythrura_coloria;Erythrura_coloria;3
Estrilda_astrild;Estrilda_astrild;323869
Estrilda_caerulescens;Estrilda_caerulescens;540104
Estrilda_melpoda;Estrilda_melpoda;1234190
Estrilda_quartinia;Estrilda_quartinia;210
Estrilda_troglodytes;Estrilda_troglodytes;1287438
Eudocimus_ruber;Eudocimus_ruber;4238
Eugenes_fulgens;Eugenes_fulgens;2
Eunymphicus_cornutus;Eunymphicus_cornutus;449
Eupherusa_eximia;Eupherusa_eximia;2
Euplectes_afer;Euplectes_afer;408250
Euplectes_ardens;Euplectes_ardens;27610
Euplectes_franciscanus;Euplectes_franciscanus;62304
Euplectes_hordeaceus;Euplectes_hordeaceus;145390
Euplectes_jacksoni;Euplectes_jacksoni;300
Euplectes_macroura;Euplectes_macroura;42063
Euplectes_orix;Euplectes_orix;633744
Eupodotis_afra;Eupodotis_afra;4
Eupodotis_gindiana;Eupodotis_gindiana;36
Eupodotis_humilis;Eupodotis_humilis;1
Eupodotis_melanogaster;Eupodotis_melanogaster;46
Eupodotis_ruficrista;Eupodotis_ruficrista;63
Eupodotis_senegalensis;Eupodotis_senegalensis;1203
Eutoxeres_condamini;Eutoxeres_condamini;1
Falco_alopex;Falco_alopex;185
Falco_amurensis;Falco_amurensis;2
Falco_araea;Falco_araea;2
Falco_ardosiaceus;Falco_ardosiaceus;20
Falco_biarmicus;Falco_biarmicus;1780
Falco_cherrug;Falco_cherrug;22496
Falco_chicquera;Falco_chicquera;110
Falco_columbarius;Falco_columbarius;344
Falco_concolor;Falco_concolor;15
Falco_cuvierii;Falco_cuvierii;35
Falco_deiroleucus;Falco_deiroleucus;108
Falco_dickinsoni;Falco_dickinsoni;1
Falco_eleonorae;Falco_eleonorae;11
Falco_fasciinucha;Falco_fasciinucha;12
Falco_femoralis;Falco_femoralis;499
Falco_hypoleucos;Falco_hypoleucos;2
Falco_jugger;Falco_jugger;143
Falco_mexicanus;Falco_mexicanus;193
Falco_naumanni;Falco_naumanni;30
Falco_novaeseelandiae;Falco_novaeseelandiae;32
Falco_pelegrinoides;Falco_pelegrinoides;392
Falco_peregrinus;Falco_peregrinus;12482
Falco_punctatus;Falco_punctatus;135
Falco_rufigularis;Falco_rufigularis;68
Falco_rupicoloides;Falco_rupicoloides;63
Falco_rusticolus;Falco_rusticolus;21960
Falco_sparverius;Falco_sparverius;1970
Falco_subbuteo;Falco_subbuteo;625
Falco_tinnunculus;Falco_tinnunculus;1464
Falco_vespertinus;Falco_vespertinus;351
Florisuga_fusca;Florisuga_fusca;8
Florisuga_mellivora;Florisuga_mellivora;103
Forpus_coelestis;Forpus_coelestis;74262
Forpus_conspicillatus;Forpus_conspicillatus;574
Forpus_cyanopygius;Forpus_cyanopygius;235
Forpus_modestus;Forpus_modestus;5
Forpus_passerinus;Forpus_passerinus;26784
Forpus_xanthops;Forpus_xanthops;1382
Forpus_xanthopterygius;Forpus_xanthopterygius;2377
Gallicolumba_crinigera;Gallicolumba_crinigera;4
Gallicolumba_luzonica;Gallicolumba_luzonica;1502
Gallirallus_australis;Gallirallus_australis;3
Gallirallus_sylvestris;Gallirallus_sylvestris;105
Gallus_sonneratii;Gallus_sonneratii;1099
Garrulax_canorus;Garrulax_canorus;1561
Garrulax_formosus;Garrulax_formosus;738
Garrulax_galbanus;Garrulax_galbanus;30
Garrulax_milnei;Garrulax_milnei;1442
Geoffroyus_geoffroyi;Geoffroyus_geoffroyi;1650
Geoffroyus_heteroclitus;Geoffroyus_heteroclitus;1174
Geoffroyus_simplex;Geoffroyus_simplex;3
Geranoaetus_melanoleucus;Geranoaetus_melanoleucus;365
Geranospiza_caerulescens;Geranospiza_caerulescens;3
Geronticus_calvus;Geronticus_calvus;111
Geronticus_eremita;Geronticus_eremita;1139
Glaucidium_brasilianum;Glaucidium_brasilianum;1578
Glaucidium_brodiei;Glaucidium_brodiei;110
Glaucidium_capense;Glaucidium_capense;18
Glaucidium_cuculoides;Glaucidium_cuculoides;55
Glaucidium_gnoma;Glaucidium_gnoma;33
Glaucidium_jardinii;Glaucidium_jardinii;14
Glaucidium_minutissimum;Glaucidium_minutissimum;1
Glaucidium_passerinum;Glaucidium_passerinum;149
Glaucidium_perlatum;Glaucidium_perlatum;551
Glaucidium_peruanum;Glaucidium_peruanum;50
Glaucidium_tephronotum;Glaucidium_tephronotum;10
Glaucis_hirsutus;Glaucis_hirsutus;105
Glossopsitta_concinna;Glossopsitta_concinna;673
Glossopsitta_porphyrocephala;Glossopsitta_porphyrocephala;6
Goura_cristata;Goura_cristata;1254
Goura_scheepmakeri;Goura_scheepmakeri;338
Goura_victoria;Goura_victoria;1609
Gracula_religiosa;Gracula_religiosa;223416
Graydidascalus_brachyurus;Graydidascalus_brachyurus;88
Grus_americana;Grus_americana;326
Grus_antigone;Grus_antigone;228
Grus_canadensis;Grus_canadensis;222
Grus_carunculatus;Grus_carunculatus;212
Grus_grus;Grus_grus;428
Grus_japonensis;Grus_japonensis;794
Grus_leucogeranus;Grus_leucogeranus;220
Grus_monacha;Grus_monacha;114
Grus_nigricollis;Grus_nigricollis;99
Grus_paradisea;Grus_paradisea;568
Grus_rubicunda;Grus_rubicunda;21
Grus_vipio;Grus_vipio;425
Grus_virgo;Grus_virgo;5550
Guaruba_guarouba;Guaruba_guarouba;1600
Gubernatrix_cristata;Gubernatrix_cristata;227
Gymnogyps_californianus;Gymnogyps_californianus;70
Gypaetus_barbatus;Gypaetus_barbatus;388
Gypohierax_angolensis;Gypohierax_angolensis;793
Gyps_africanus;Gyps_africanus;1437
Gyps_bengalensis;Gyps_bengalensis;63
Gyps_coprotheres;Gyps_coprotheres;218
Gyps_fulvus;Gyps_fulvus;316
Gyps_himalayensis;Gyps_himalayensis;49
Gyps_indicus;Gyps_indicus;1
Gyps_rueppellii;Gyps_rueppellii;749
Haliaeetus_albicilla;Haliaeetus_albicilla;661
Haliaeetus_leucocephalus;Haliaeetus_leucocephalus;836
Haliaeetus_leucogaster;Haliaeetus_leucogaster;39
Haliaeetus_leucoryphus;Haliaeetus_leucoryphus;7
Haliaeetus_pelagicus;Haliaeetus_pelagicus;237
Haliaeetus_vocifer;Haliaeetus_vocifer;299
Haliaeetus_vociferoides;Haliaeetus_vociferoides;2
Haliastur_indus;Haliastur_indus;73
Haliastur_sphenurus;Haliastur_sphenurus;2
Hapalopsittaca_melanotis;Hapalopsittaca_melanotis;50
Harpia_harpyja;Harpia_harpyja;100
Harpyhaliaetus_coronatus;Harpyhaliaetus_coronatus;1
Heliangelus_viola;Heliangelus_viola;588
Heliodoxa_aurescens;Heliodoxa_aurescens;2
Heliodoxa_leadbeateri;Heliodoxa_leadbeateri;4
Heliodoxa_rubinoides;Heliodoxa_rubinoides;43
Heliodoxa_schreibersii;Heliodoxa_schreibersii;20
Heliomaster_furcifer;Heliomaster_furcifer;2
Heliomaster_longirostris;Heliomaster_longirostris;86
Heliothryx_auritus;Heliothryx_auritus;16
Henicopernis_infuscatus;Henicopernis_infuscatus;10
Herpetotheres_cachinnans;Herpetotheres_cachinnans;4
Hieraaetus_ayresii;Hieraaetus_ayresii;22
Hieraaetus_pennatus;Hieraaetus_pennatus;89
Hieraaetus_spilogaster;Hieraaetus_spilogaster;226
Hylocharis_cyanus;Hylocharis_cyanus;25
Hylocharis_leucotis;Hylocharis_leucotis;4
Hylocharis_xantusii;Hylocharis_xantusii;16
Hypargos_niveoguttatus;Hypargos_niveoguttatus;2214
Ichthyophaga_ichthyaetus;Ichthyophaga_ichthyaetus;3
Ictinaetus_malayensis;Ictinaetus_malayensis;4
Ithaginis_cruentus;Ithaginis_cruentus;97
Jabiru_mycteria;Jabiru_mycteria;29
Kaupifalco_monogrammicus;Kaupifalco_monogrammicus;250
Ketupa_blakistoni;Ketupa_blakistoni;10
Ketupa_ketupu;Ketupa_ketupu;70
Ketupa_zeylonensis;Ketupa_zeylonensis;21
Klais_guimeti;Klais_guimeti;1
Lagonosticta_larvata;Lagonosticta_larvata;20889
Lagonosticta_rara;Lagonosticta_rara;13901
Lagonosticta_rubricata;Lagonosticta_rubricata;189650
Lagonosticta_rufopicta;Lagonosticta_rufopicta;4203
Lagonosticta_senegala;Lagonosticta_senegala;603187
Lampornis_amethystinus;Lampornis_amethystinus;4
Lampornis_hemileucus;Lampornis_hemileucus;4
Lathamus_discolor;Lathamus_discolor;5583
Leiothrix_argentauris;Leiothrix_argentauris;37691
Leiothrix_lutea;Leiothrix_lutea;275962
Lepidopyga_goudoti;Lepidopyga_goudoti;1
Leptoptilos_crumeniferus;Leptoptilos_crumeniferus;1513
Leptosittaca_branickii;Leptosittaca_branickii;4
Lesbia_nuna;Lesbia_nuna;2571
Lesbia_victoriae;Lesbia_victoriae;399
Leucippus_baeri;Leucippus_baeri;1645
Leucippus_taczanowskii;Leucippus_taczanowskii;521
Leucopsar_rothschildi;Leucopsar_rothschildi;982
Leucopternis_albicollis;Leucopternis_albicollis;4
Leucopternis_melanops;Leucopternis_melanops;2
Liocichla_omeiensis;Liocichla_omeiensis;108
Loboparadisea_sericea;Loboparadisea_sericea;28
Lonchura_bicolor;Lonchura_bicolor;155660
Lonchura_cantans;Lonchura_cantans;393820
Lonchura_cucullata;Lonchura_cucullata;342307
Lonchura_fringilloides;Lonchura_fringilloides;58345
Lonchura_griseicapilla;Lonchura_griseicapilla;447
Lonchura_nevermanni;Lonchura_nevermanni;749
Lonchura_punctulata;Lonchura_punctulata;1800
Lonchura_stygia;Lonchura_stygia;1264
Lophaetus_occipitalis;Lophaetus_occipitalis;238
Lophophorus_impejanus;Lophophorus_impejanus;2036
Lophophorus_lhuysii;Lophophorus_lhuysii;6
Lophorina_superba;Lophorina_superba;21
Lophostrix_cristata;Lophostrix_cristata;11
Lophura_bulweri;Lophura_bulweri;1
Lophura_diardi;Lophura_diardi;128
Lophura_edwardsi;Lophura_edwardsi;724
Lophura_erythrophthalma;Lophura_erythrophthalma;244
Lophura_hatinhensis;Lophura_hatinhensis;23
Lophura_ignita;Lophura_ignita;810
Lophura_inornata;Lophura_inornata;2
Lophura_leucomelanos;Lophura_leucomelanos;129
Lophura_swinhoii;Lophura_swinhoii;1473
Loriculus_amabilis;Loriculus_amabilis;350
Loriculus_aurantiifrons;Loriculus_aurantiifrons;247
Loriculus_exilis;Loriculus_exilis;22
Loriculus_flosculus;Loriculus_flosculus;255
Loriculus_galgulus;Loriculus_galgulus;85077
Loriculus_philippensis;Loriculus_philippensis;3541
Loriculus_pusillus;Loriculus_pusillus;5868
Loriculus_stigmatus;Loriculus_stigmatus;5084
Loriculus_vernalis;Loriculus_vernalis;14568
Lorius_albidinucha;Lorius_albidinucha;27
Lorius_chlorocercus;Lorius_chlorocercus;30688
Lorius_domicella;Lorius_domicella;750
Lorius_garrulus;Lorius_garrulus;86298
Lorius_hypoinochrous;Lorius_hypoinochrous;108
Lorius_lory;Lorius_lory;9422
Macgregoria_pulchra;Macgregoria_pulchra;2
Macheiramphus_alcinus;Macheiramphus_alcinus;1
Malimbus_malimbicus;Malimbus_malimbicus;203
Malimbus_nitens;Malimbus_nitens;107
Malimbus_scutatus;Malimbus_scutatus;77
Mandingoa_nitidula;Mandingoa_nitidula;131247
Manucodia_chalybatus;Manucodia_chalybatus;2
Manucodia_comrii;Manucodia_comrii;1
Megascops_asio;Megascops_asio;36
Megascops_barbarus;Megascops_barbarus;1
Megascops_choliba;Megascops_choliba;451
Megascops_guatemalae;Megascops_guatemalae;76
Megascops_kennicottii;Megascops_kennicottii;166
Megascops_roboratus;Otus_roboratus;
Megascops_trichopsis;Megascops_trichopsis;1
Megascops_watsonii;Megascops_watsonii;73
Meleagris_ocellata;Meleagris_ocellata;399
Melierax_canorus;Melierax_canorus;7
Melierax_gabar;Melierax_gabar;123
Melierax_metabates;Melierax_metabates;12
Melierax_poliopterus;Melierax_poliopterus;7
Mellisuga_minima;Mellisuga_minima;6
Metallura_phoebe;Metallura_phoebe;598
Metallura_tyrianthina;Metallura_tyrianthina;358
Micrastur_plumbeus;Micrastur_plumbeus;2
Micrathene_whitneyi;Micrathene_whitneyi;3
Microhierax_caerulescens;Microhierax_caerulescens;141
Microhierax_erythrogenys;Microhierax_erythrogenys;5
Microhierax_fringillarius;Microhierax_fringillarius;51
Micropsitta_finschii;Micropsitta_finschii;28
Micropsitta_pusio;Micropsitta_pusio;2
Milvago_chimachima;Milvago_chimachima;43
Milvago_chimango;Milvago_chimango;21
Milvus_migrans;Milvus_migrans;250
Milvus_milvus;Milvus_milvus;358
Mitu_mitu;Mitu_mitu;19
Morphnus_guianensis;Morphnus_guianensis;11
Musophaga_violacea;Musophaga_violacea;14008
Mycteria_cinerea;Mycteria_cinerea;36
Myiopsitta_monachus;Myiopsitta_monachus;1557311
Myrtis_fanny;Myrtis_fanny;3811
Nandayus_nenday;Nandayus_nenday;335782
Nannopsittaca_panychlora;Nannopsittaca_panychlora;1
Necrosyrtes_monachus;Necrosyrtes_monachus;1270
Neophema_chrysogaster;Neophema_chrysogaster;134
Neophema_chrysostoma;Neophema_chrysostoma;1633
Neophema_elegans;Neophema_elegans;16991
Neophema_petrophila;Neophema_petrophila;467
Neophema_pulchella;Neophema_pulchella;55811
Neophema_splendida;Neophema_splendida;31707
Neophron_percnopterus;Neophron_percnopterus;204
Neopsephotus_bourkii;Neopsephotus_bourkii;57281
Neopsittacus_musschenbroekii;Neopsittacus_musschenbroekii;5410
Neopsittacus_pullicauda;Neopsittacus_pullicauda;1383
Neotis_ludwigii;Neotis_ludwigii;24
Neotis_nuba;Neotis_nuba;16
Nesocharis_capistrata;Nesocharis_capistrata;6373
Nesoenas_mayeri;Nesoenas_mayeri;332
Nestor_meridionalis;Nestor_meridionalis;4
Nestor_notabilis;Nestor_notabilis;294
Nettapus_auritus;Nettapus_auritus;10472
Nigrita_bicolor;Nigrita_bicolor;4463
Nigrita_canicapillus;Nigrita_canicapillus;1067
Nigrita_fusconotus;Nigrita_fusconotus;125
Nigrita_luteifrons;Nigrita_luteifrons;475
Niltava_davidi;Niltava_davidi;1118
Ninox_boobook;Ninox_boobook;6
Ninox_natalis;Ninox_natalis;1
Ninox_novaeseelandiae;Ninox_novaeseelandiae;93
Ninox_scutulata;Ninox_scutulata;5
Ninox_theomacha;Ninox_theomacha;3
Nipponia_nippon;Nipponia_nippon;69
Nisaetus_alboniger;Nisaetus_alboniger;11
Nisaetus_cirrhatus;Nisaetus_cirrhatus;28
Nisaetus_lanceolatus;Nisaetus_lanceolatus;1
Nisaetus_nipalensis;Nisaetus_nipalensis;130
Northiella_haematogaster;Northiella_haematogaster;6066
Nymphicus_hollandicus;Nymphicus_hollandicus;7
Ocreatus_underwoodii;Ocreatus_underwoodii;100
Oena_capensis;Oena_capensis;170407
Ognorhynchus_icterotis;Ognorhynchus_icterotis;8
Oreonympha_nobilis;Oreonympha_nobilis;146
Oreophasis_derbianus;Oreophasis_derbianus;52
Oreopsittacus_arfaki;Oreopsittacus_arfaki;4303
Oreotrochilus_estella;Oreotrochilus_estella;452
Oreotrochilus_melanogaster;Oreotrochilus_melanogaster;311
Ortalis_vetula;Ortalis_vetula;106
Orthopsittaca_manilata;Orthopsittaca_manilata;26530
Ortygospiza_atricollis;Ortygospiza_atricollis;55564
Otis_tarda;Otis_tarda;406
Otus_bakkamoena;Otus_bakkamoena;252
Otus_brucei;Otus_brucei;1385
Otus_flammeolus;Otus_flammeolus;23
Otus_ireneae;Otus_ireneae;12
Otus_leucotis;Otus_leucotis;4988
Otus_longicornis;Otus_longicornis;17
Otus_megalotis;Otus_megalotis;6
Otus_rutilus;Otus_rutilus;3
Otus_scops;Otus_scops;3786
Oxyura_jamaicensis;Oxyura_jamaicensis;3
Oxyura_leucocephala;Oxyura_leucocephala;374
Padda_fuscata;Padda_fuscata;4115
Padda_oryzivora;Padda_oryzivora;836555
Pandion_haliaetus;Pandion_haliaetus;59
Parabuteo_unicinctus;Parabuteo_unicinctus;2456
Paradisaea_apoda;Paradisaea_apoda;172
Paradisaea_guilielmi;Paradisaea_guilielmi;7
Paradisaea_minor;Paradisaea_minor;94
Paradisaea_raggiana;Paradisaea_raggiana;70
Paradisaea_rubra;Paradisaea_rubra;115
Paradisaea_rudolphi;Paradisaea_rudolphi;10
Paroaria_capitata;Paroaria_capitata;6255
Paroaria_coronata;Paroaria_coronata;11883
Parotia_carolae;Parotia_carolae;309
Parotia_lawesii;Parotia_lawesii;7
Passer_griseus;Passer_griseus;4679
Patagona_gigas;Patagona_gigas;494
Pauxi_pauxi;Pauxi_pauxi;85
Pavo_muticus;Pavo_muticus;1230
Pelecanus_crispus;Pelecanus_crispus;164
Penelope_albipennis;Penelope_albipennis;12
Penelope_pileata;Penelope_pileata;2
Penelope_purpurascens;Penelope_purpurascens;35
Penelopides_exarhatus;Penelopides_exarhatus;16
Penelopides_panini;Penelopides_panini;40
Penelopina_nigra;Penelopina_nigra;16
Pernis_apivorus;Pernis_apivorus;40
Pernis_ptilorhyncus;Pernis_ptilorhyncus;2
Petronia_dentata;Petronia_dentata;700
Phaethornis_bourcieri;Phaethornis_bourcieri;6
Phaethornis_griseogularis;Phaethornis_griseogularis;63
Phaethornis_guy;Phaethornis_guy;18
Phaethornis_idaliae;Phaethornis_idaliae;5
Phaethornis_longirostris;Phaethornis_longirostris;83
Phaethornis_longuemareus;Phaethornis_longuemareus;14
Phaethornis_striigularis;Phaethornis_striigularis;1
Phaethornis_superciliosus;Phaethornis_superciliosus;156
Phalcoboenus_albogularis;Phalcoboenus_albogularis;8
Phalcoboenus_australis;Phalcoboenus_australis;78
Phalcoboenus_megalopterus;Phalcoboenus_megalopterus;111
Pharomachrus_mocinno;Pharomachrus_mocinno;12
Phigys_solitarius;Phigys_solitarius;79
Phodilus_badius;Phodilus_badius;6
Phoeniconaias_minor;Phoeniconaias_minor;37224
Phoenicoparrus_andinus;Phoenicoparrus_andinus;28
Phoenicoparrus_jamesi;Phoenicoparrus_jamesi;23
Phoenicopterus_chilensis;Phoenicopterus_chilensis;6001
Phoenicopterus_ruber;Phoenicopterus_ruber;36094
Pholidornis_rushiae;Pholidornis_rushiae;40
Picathartes_gymnocephalus;Picathartes_gymnocephalus;7
Pionites_leucogaster;Pionites_leucogaster;9662
Pionites_melanocephalus;Pionites_melanocephalus;50947
Pionopsitta_pileata;Pionopsitta_pileata;97
Pionus_chalcopterus;Pionus_chalcopterus;3950
Pionus_fuscus;Pionus_fuscus;16209
Pionus_maximiliani;Pionus_maximiliani;116775
Pionus_menstruus;Pionus_menstruus;51984
Pionus_senilis;Pionus_senilis;22149
Pionus_sordidus;Pionus_sordidus;556
Pionus_tumultuosus;Pionus_tumultuosus;543
Pipile_jacutinga;Pipile_jacutinga;12
Pipile_pipile;Pipile_pipile;68
Pitta_angolensis;Pitta_angolensis;11
Pitta_guajana;Pitta_guajana;1
Pitta_moluccensis;Pitta_moluccensis;37
Pitta_nympha;Pitta_nympha;90
Pitta_sordida;Pitta_sordida;752
Platalea_leucorodia;Platalea_leucorodia;847
Platycercus_adscitus;Platycercus_adscitus;36693
Platycercus_caledonicus;Platycercus_caledonicus;3206
Platycercus_elegans;Platycercus_elegans;110228
Platycercus_eximius;Platycercus_eximius;297889
Platycercus_icterotis;Platycercus_icterotis;21843
Platycercus_venustus;Platycercus_venustus;1401
Plectropterus_gambensis;Plectropterus_gambensis;219
Plocepasser_superciliosus;Plocepasser_superciliosus;800
Ploceus_aurantius;Ploceus_aurantius;8690
Ploceus_cucullatus;Ploceus_cucullatus;229804
Ploceus_heuglini;Ploceus_heuglini;3735
Ploceus_luteolus;Ploceus_luteolus;37742
Ploceus_melanocephalus;Ploceus_melanocephalus;147362
Ploceus_nigerrimus;Ploceus_nigerrimus;2617
Ploceus_nigricollis;Ploceus_nigricollis;780
Ploceus_pelzelni;Ploceus_pelzelni;942
Ploceus_preussi;Ploceus_preussi;200
Ploceus_superciliosus;Ploceus_superciliosus;1272
Ploceus_tricolor;Ploceus_tricolor;690
Ploceus_vitellinus;Ploceus_vitellinus;35781
Poephila_cincta;Poephila_cincta;11753
Poicephalus_crassus;Poicephalus_crassus;416
Poicephalus_cryptoxanthus;Poicephalus_cryptoxanthus;16586
Poicephalus_flavifrons;Poicephalus_flavifrons;138
Poicephalus_gulielmi;Poicephalus_gulielmi;75528
Poicephalus_meyeri;Poicephalus_meyeri;87173
Poicephalus_robustus;Poicephalus_robustus;19854
Poicephalus_rueppellii;Poicephalus_rueppellii;10147
Poicephalus_rufiventris;Poicephalus_rufiventris;33532
Poicephalus_senegalus;Poicephalus_senegalus;897278
Polemaetus_bellicosus;Polemaetus_bellicosus;347
Polihierax_semitorquatus;Polihierax_semitorquatus;186
Polyboroides_radiatus;Polyboroides_radiatus;34
Polyboroides_typus;Polyboroides_typus;83
Polyonymus_caroli;Polyonymus_caroli;2030
Polyplectron_bicalcaratum;Polyplectron_bicalcaratum;1341
Polyplectron_germaini;Polyplectron_germaini;406
Polyplectron_inopinatum;Polyplectron_inopinatum;1364
Polyplectron_malacense;Polyplectron_malacense;805
Polyplectron_napoleonis;Polyplectron_napoleonis;1075
Polyplectron_schleiermacheri;Polyplectron_schleiermacheri;168
Polytelis_alexandrae;Polytelis_alexandrae;26056
Polytelis_anthopeplus;Polytelis_anthopeplus;21341
Polytelis_swainsonii;Polytelis_swainsonii;28111
Polytmus_guainumbi;Polytmus_guainumbi;10
Primolius_auricollis;Primolius_auricollis;15574
Primolius_couloni;Primolius_couloni;596
Primolius_maracana;Primolius_maracana;689
Prioniturus_discurus;Prioniturus_discurus;210
Prioniturus_flavicans;Prioniturus_flavicans;97
Prioniturus_luconensis;Prioniturus_luconensis;196
Prioniturus_mada;Prioniturus_mada;43
Prioniturus_platurus;Prioniturus_platurus;2536
Probosciger_aterrimus;Probosciger_aterrimus;1213
Procnias_nudicollis;Procnias_nudicollis;10
Prosopeia_personata;Prosopeia_personata;156
Prosopeia_tabuensis;Prosopeia_tabuensis;106
Psephotus_chrysopterygius;Psephotus_chrysopterygius;1654
Psephotus_dissimilis;Psephotus_dissimilis;1157
Psephotus_haematonotus;Psephotus_haematonotus;297178
Psephotus_varius;Psephotus_varius;10378
Pseudeos_fuscata;Pseudeos_fuscata;21527
Pseudoscops_clamator;Pseudoscops_clamator;217
Pseudoscops_grammicus;Pseudoscops_grammicus;1
Psilopsiagon_aurifrons;Psilopsiagon_aurifrons;7400
Psilopsiagon_aymara;Psilopsiagon_aymara;11780
Psittacella_brehmii;Psittacella_brehmii;7
Psittacella_madaraszi;Psittacella_madaraszi;1
Psittacella_picta;Psittacella_picta;1
Psittacula_alexandri;Psittacula_alexandri;150249
Psittacula_calthropae;Psittacula_calthropae;138
Psittacula_caniceps;Psittacula_caniceps;5
Psittacula_columboides;Psittacula_columboides;833
Psittacula_cyanocephala;Psittacula_cyanocephala;81919
Psittacula_derbiana;Psittacula_derbiana;6990
Psittacula_eques;Psittacula_eques;72
Psittacula_eupatria;Psittacula_eupatria;85054
Psittacula_finschii;Psittacula_finschii;3746
Psittacula_himalayana;Psittacula_himalayana;3522
Psittacula_krameri;Psittacula_krameri;849090
Psittacula_longicauda;Psittacula_longicauda;28518
Psittacula_roseata;Psittacula_roseata;22095
Psittaculirostris_desmarestii;Psittaculirostris_desmarestii;12425
Psittaculirostris_edwardsii;Psittaculirostris_edwardsii;8911
Psittaculirostris_salvadorii;Psittaculirostris_salvadorii;4057
Psittacus_erithacus;Psittacus_erithacus;1672385
Psitteuteles_goldiei;Psitteuteles_goldiei;7833
Psitteuteles_iris;Psitteuteles_iris;2461
Psitteuteles_versicolor;Psitteuteles_versicolor;3
Psittinus_cyanurus;Psittinus_cyanurus;24873
Psittrichas_fulgidus;Psittrichas_fulgidus;543
Pteridophora_alberti;Pteridophora_alberti;10
Pteroglossus_aracari;Pteroglossus_aracari;4575
Pteroglossus_bailloni;Pteroglossus_bailloni;31
Pteroglossus_castanotis;Pteroglossus_castanotis;85
Pteroglossus_viridis;Pteroglossus_viridis;2671
Pteronetta_hartlaubii;Pteronetta_hartlaubii;487
Pterophanes_cyanopterus;Pterophanes_cyanopterus;15
Ptilinopus_marchei;Ptilinopus_marchei;12
Ptilopsis_granti;Ptilopsis_granti;24
Ptiloris_magnificus;Ptiloris_magnificus;17
Pulsatrix_melanota;Pulsatrix_melanota;80
Pulsatrix_perspicillata;Pulsatrix_perspicillata;238
Purpureicephalus_spurius;Purpureicephalus_spurius;4299
Pycnonotus_jocosus;Pycnonotus_jocosus;16597
Pycnonotus_zeylanicus;Pycnonotus_zeylanicus;608
Pyrenestes_ostrinus;Pyrenestes_ostrinus;53020
Pyrilia_barrabandi;Pyrilia_barrabandi;837
Pyrilia_caica;Pyrilia_caica;1091
Pyrilia_haematotis;Pyrilia_haematotis;216
Pyrilia_pyrilia;Pyrilia_pyrilia;3
Pyrilia_vulturina;Pyrilia_vulturina;6
Pyrrhula_erythaca;Pyrrhula_erythaca;355
Pyrrhura_calliptera;Pyrrhura_calliptera;29
Pyrrhura_cruentata;Pyrrhura_cruentata;608
Pyrrhura_devillei;Pyrrhura_devillei;10
Pyrrhura_egregia;Pyrrhura_egregia;2126
Pyrrhura_frontalis;Pyrrhura_frontalis;68404
Pyrrhura_hoematotis;Pyrrhura_hoematotis;24
Pyrrhura_hoffmanni;Pyrrhura_hoffmanni;3220
Pyrrhura_lepida;Pyrrhura_lepida;1598
Pyrrhura_leucotis;Pyrrhura_leucotis;2016
Pyrrhura_melanura;Pyrrhura_melanura;966
Pyrrhura_molinae;Pyrrhura_molinae;56060
Pyrrhura_perlata;Pyrrhura_perlata;5757
Pyrrhura_picta;Pyrrhura_picta;12424
Pyrrhura_rhodocephala;Pyrrhura_rhodocephala;3393
Pyrrhura_rupicola;Pyrrhura_rupicola;4820
Pyrrhura_viridicata;Pyrrhura_viridicata;100
Pytilia_hypogrammica;Pytilia_hypogrammica;133655
Pytilia_phoenicoptera;Pytilia_phoenicoptera;187744
Quelea_erythrops;Quelea_erythrops;6887
Ramphastos_dicolorus;Ramphastos_dicolorus;55
Ramphastos_sulfuratus;Ramphastos_sulfuratus;5741
Ramphastos_toco;Ramphastos_toco;5172
Ramphastos_tucanus;Ramphastos_tucanus;4500
Ramphastos_vitellinus;Ramphastos_vitellinus;5631
Rhea_americana;Rhea_americana;2839
Rhea_pennata;Rhea_pennata;185
Rheinardia_ocellata;Rheinardia_ocellata;27
Rhodopis_vesper;Rhodopis_vesper;2486
Rhynchopsitta_pachyrhyncha;Rhynchopsitta_pachyrhyncha;51
Rhynchopsitta_terrisi;Rhynchopsitta_terrisi;12
Rhynchotus_rufescens;Rhynchotus_rufescens;10
Rhynochetos_jubatus;Rhynochetos_jubatus;39
Rollulus_rouloul;Rollulus_rouloul;4295
Rostrhamus_sociabilis;Rostrhamus_sociabilis;1
Rupicola_peruvianus;Rupicola_peruvianus;399
Rupicola_rupicola;Rupicola_rupicola;134
Sagittarius_serpentarius;Sagittarius_serpentarius;918
Sappho_sparganura;Sappho_sparganura;2
Sarcogyps_calvus;Sarcogyps_calvus;6
Sarcoramphus_papa;Sarcoramphus_papa;90
Sarkidiornis_melanotos;Sarkidiornis_melanotos;444
Scotopelia_bouvieri;Scotopelia_bouvieri;90
Scotopelia_peli;Scotopelia_peli;103
Selenidera_maculirostris;Selenidera_maculirostris;12
Seleucidis_melanoleucus;Seleucidis_melanoleucus;299
Semnornis_ramphastinus;Semnornis_ramphastinus;3
Sephanoides_sephaniodes;Sephanoides_sephaniodes;50
Serinus_canicollis;Serinus_canicollis;468
Serinus_citrinelloides;Serinus_citrinelloides;150
Serinus_gularis;Serinus_gularis;4818
Serinus_leucopygius;Serinus_leucopygius;594523
Serinus_mozambicus;Serinus_mozambicus;3394342
Sitta_magna;Sitta_magna;23
Spermophaga_haematina;Spermophaga_haematina;36496
Spheniscus_demersus;Spheniscus_demersus;2244
Spheniscus_humboldti;Spheniscus_humboldti;1858
Spilornis_cheela;Spilornis_cheela;24
Spizaetus_melanoleucus;Spizaetus_melanoleucus;4
Spizaetus_ornatus;Spizaetus_ornatus;52
Spizaetus_tyrannus;Spizaetus_tyrannus;22
Sporopipes_frontalis;Sporopipes_frontalis;3642
Stephanoaetus_coronatus;Stephanoaetus_coronatus;625
Stephanoxis_lalandi;Stephanoxis_lalandi;40
Stigmatopelia_senegalensis;Stigmatopelia_senegalensis;79175
Streptopelia_decipiens;Streptopelia_decipiens;715
Streptopelia_roseogrisea;Streptopelia_roseogrisea;34
Streptopelia_semitorquata;Streptopelia_semitorquata;1339
Streptopelia_turtur;Streptopelia_turtur;136
Streptopelia_vinacea;Streptopelia_vinacea;639
Strix_aluco;Strix_aluco;424
Strix_chacoensis;Strix_chacoensis;6
Strix_huhula;Strix_huhula;27
Strix_hylophila;Strix_hylophila;20
Strix_leptogrammica;Strix_leptogrammica;88
Strix_nebulosa;Strix_nebulosa;608
Strix_occidentalis;Strix_occidentalis;14
Strix_ocellata;Strix_ocellata;2
Strix_rufipes;Strix_rufipes;157
Strix_seloputo;Strix_seloputo;17
Strix_uralensis;Strix_uralensis;670
Strix_varia;Strix_varia;36
Strix_virgata;Strix_virgata;131
Strix_woodfordii;Strix_woodfordii;431
Struthio_camelus;Struthio_camelus;1479
Sturnus_sericeus;Sturnus_sericeus;541
Surnia_ulula;Surnia_ulula;270
Syrmaticus_ellioti;Syrmaticus_ellioti;1661
Syrmaticus_humiae;Syrmaticus_humiae;780
Syrmaticus_mikado;Syrmaticus_mikado;1212
Syrmaticus_reevesii;Syrmaticus_reevesii;10
Tangara_varia;Tangara_varia;11
Tanygnathus_gramineus;Tanygnathus_gramineus;32
Tanygnathus_lucionensis;Tanygnathus_lucionensis;2665
Tanygnathus_megalorynchos;Tanygnathus_megalorynchos;11585
Tanygnathus_sumatranus;Tanygnathus_sumatranus;1508
Tauraco_corythaix;Tauraco_corythaix;235
Tauraco_erythrolophus;Tauraco_erythrolophus;225
Tauraco_fischeri;Tauraco_fischeri;630
Tauraco_hartlaubi;Tauraco_hartlaubi;5593
Tauraco_leucolophus;Tauraco_leucolophus;417
Tauraco_leucotis;Tauraco_leucotis;560
Tauraco_livingstonii;Tauraco_livingstonii;3386
Tauraco_macrorhynchus;Tauraco_macrorhynchus;256
Tauraco_persa;Tauraco_persa;14235
Tauraco_porphyreolophus;Tauraco_porphyreolophus;843
Tauraco_schalowi;Tauraco_schalowi;120
Tauraco_schuetti;Tauraco_schuetti;40
Terathopius_ecaudatus;Terathopius_ecaudatus;733
Terpsiphone_atrocaudata;Terpsiphone_atrocaudata;2
Tetraogallus_tibetanus;Tetraogallus_tibetanus;1
Tetrax_tetrax;Tetrax_tetrax;2
Thalurania_furcata;Thalurania_furcata;79
Thaumastura_cora;Thaumastura_cora;3856
Threnetes_niger;Threnetes_niger;21
Threnetes_ruckeri;Threnetes_ruckeri;6
Threskiornis_aethiopicus;Threskiornis_aethiopicus;1399
Tinamus_solitarius;Tinamus_solitarius;690
Topaza_pella;Topaza_pella;6
Torgos_tracheliotos;Torgos_tracheliotos;332
Touit_huetii;Touit_huetii;2
Tragopan_blythii;Tragopan_blythii;162
Tragopan_caboti;Tragopan_caboti;1097
Tragopan_melanocephalus;Tragopan_melanocephalus;1
Tragopan_satyra;Tragopan_satyra;1581
Tragopan_temminckii;Tragopan_temminckii;7
Treron_calvus;Treron_calvus;3916
Treron_waalia;Treron_waalia;6125
Trichoglossus_chlorolepidotus;Trichoglossus_chlorolepidotus;1739
Trichoglossus_euteles;Trichoglossus_euteles;3559
Trichoglossus_flavoviridis;Trichoglossus_flavoviridis;6717
Trichoglossus_haematodus;Trichoglossus_haematodus;155354
Trichoglossus_johnstoniae;Trichoglossus_johnstoniae;536
Trichoglossus_ornatus;Trichoglossus_ornatus;2640
Trichoglossus_rubiginosus;Trichoglossus_rubiginosus;22
Triclaria_malachitacea;Triclaria_malachitacea;351
Trigonoceps_occipitalis;Trigonoceps_occipitalis;681
Trochilus_polytmus;Trochilus_polytmus;65
Turdus_dissimilis;Turdus_dissimilis;811
Turnix_melanogaster;Turnix_melanogaster;1
Turtur_abyssinicus;Turtur_abyssinicus;5276
Turtur_afer;Turtur_afer;26029
Turtur_brehmeri;Turtur_brehmeri;1252
Turtur_tympanistria;Turtur_tympanistria;28295
Tympanuchus_cupido;Tympanuchus_cupido;2
Tyto_alba;Tyto_alba;2281
Tyto_aurantia;Tyto_aurantia;1
Tyto_capensis;Tyto_capensis;64
Tyto_glaucops;Tyto_glaucops;58
Uraeginthus_bengalus;Uraeginthus_bengalus;1543373
Urotriorchis_macrourus;Urotriorchis_macrourus;3
Vidua_chalybeata;Vidua_chalybeata;274355
Vidua_interjecta;Vidua_interjecta;228
Vidua_larvaticola;Vidua_larvaticola;562
Vidua_macroura;Vidua_macroura;303701
Vidua_orientalis;Vidua_orientalis;223009
Vidua_paradisaea;Vidua_paradisaea;54609
Vidua_raricola;Vidua_raricola;205
Vidua_togoensis;Vidua_togoensis;250
Vidua_wilsoni;Vidua_wilsoni;135
Vini_australis;Vini_australis;156
Vini_kuhlii;Vini_kuhlii;30
Vini_peruviana;Vini_peruviana;16
Vini_ultramarina;Vini_ultramarina;24
Vultur_gryphus;Vultur_gryphus;324
Xenoglaux_loweryi;Xenoglaux_loweryi;1
Xipholena_atropurpurea;Xipholena_atropurpurea;6
Zoothera_monticola;Zoothera_monticola;24
Zosterops_palpebrosus;Zosterops_palpebrosus;1375